[
{
    "model": "sessions.session",
    "pk": "7gjdz8ivppdwwxv7gd4roxjapyi7y3zl",
    "fields": {
        "session_data": "NzM3NjFjNTJkZThhZmVjMTZkYWFjYzAzZjFjZWQ2ZGVmMTQ3ZmUxMzp7Il9hdXRoX3VzZXJfaGFzaCI6IjRhMzRlMjc1NDRmMDA1OTI3OTQ0M2JiNWZiZTY0MmIyY2FhN2Y2N2QiLCJfYXV0aF91c2VyX2JhY2tlbmQiOiJhY2NvdW50cy5iYWNrZW5kcy5FbWFpbEF1dGgiLCJfYXV0aF91c2VyX2lkIjoiMSJ9",
        "expire_date": "2017-04-17T19:15:24.333Z"
    }
},
{
    "model": "sessions.session",
    "pk": "9rcgu4whh3zy2oti0wa5prmk9ug8q3a3",
    "fields": {
        "session_data": "NzM3NjFjNTJkZThhZmVjMTZkYWFjYzAzZjFjZWQ2ZGVmMTQ3ZmUxMzp7Il9hdXRoX3VzZXJfaGFzaCI6IjRhMzRlMjc1NDRmMDA1OTI3OTQ0M2JiNWZiZTY0MmIyY2FhN2Y2N2QiLCJfYXV0aF91c2VyX2JhY2tlbmQiOiJhY2NvdW50cy5iYWNrZW5kcy5FbWFpbEF1dGgiLCJfYXV0aF91c2VyX2lkIjoiMSJ9",
        "expire_date": "2017-04-30T10:21:47.361Z"
    }
},
{
    "model": "sessions.session",
    "pk": "f0g6jxttuo1rdx00lt59q8wofist8ys1",
    "fields": {
        "session_data": "ZmYwOWNhMDJjNDNjZDY1ZTEzOTExYTViN2UyYjIxMTEwMDg4OWVhZjp7Il9hdXRoX3VzZXJfaGFzaCI6IjJmYzI0ZTE5M2FlM2U1ODI1Y2UyZWQ5Nzk0OGE0NTYwYjg2MzM3ZGMiLCJfYXV0aF91c2VyX2JhY2tlbmQiOiJhY2NvdW50cy5iYWNrZW5kcy5FbWFpbEF1dGgiLCJfYXV0aF91c2VyX2lkIjoiMiJ9",
        "expire_date": "2017-04-17T01:45:04.327Z"
    }
},
{
    "model": "sessions.session",
    "pk": "fln9iizhk0s1ulvnrnk002lez4cxjeor",
    "fields": {
        "session_data": "NzM3NjFjNTJkZThhZmVjMTZkYWFjYzAzZjFjZWQ2ZGVmMTQ3ZmUxMzp7Il9hdXRoX3VzZXJfaGFzaCI6IjRhMzRlMjc1NDRmMDA1OTI3OTQ0M2JiNWZiZTY0MmIyY2FhN2Y2N2QiLCJfYXV0aF91c2VyX2JhY2tlbmQiOiJhY2NvdW50cy5iYWNrZW5kcy5FbWFpbEF1dGgiLCJfYXV0aF91c2VyX2lkIjoiMSJ9",
        "expire_date": "2017-04-27T16:24:11.292Z"
    }
},
{
    "model": "sessions.session",
    "pk": "kqfgw05wzamx3fc0gpogktkasr2jken4",
    "fields": {
        "session_data": "NzM3NjFjNTJkZThhZmVjMTZkYWFjYzAzZjFjZWQ2ZGVmMTQ3ZmUxMzp7Il9hdXRoX3VzZXJfaGFzaCI6IjRhMzRlMjc1NDRmMDA1OTI3OTQ0M2JiNWZiZTY0MmIyY2FhN2Y2N2QiLCJfYXV0aF91c2VyX2JhY2tlbmQiOiJhY2NvdW50cy5iYWNrZW5kcy5FbWFpbEF1dGgiLCJfYXV0aF91c2VyX2lkIjoiMSJ9",
        "expire_date": "2017-04-27T10:42:15.839Z"
    }
},
{
    "model": "sessions.session",
    "pk": "mm93y8dz6khtl44bxtqkkfdaozld2c62",
    "fields": {
        "session_data": "NzM3NjFjNTJkZThhZmVjMTZkYWFjYzAzZjFjZWQ2ZGVmMTQ3ZmUxMzp7Il9hdXRoX3VzZXJfaGFzaCI6IjRhMzRlMjc1NDRmMDA1OTI3OTQ0M2JiNWZiZTY0MmIyY2FhN2Y2N2QiLCJfYXV0aF91c2VyX2JhY2tlbmQiOiJhY2NvdW50cy5iYWNrZW5kcy5FbWFpbEF1dGgiLCJfYXV0aF91c2VyX2lkIjoiMSJ9",
        "expire_date": "2017-04-17T03:16:21.068Z"
    }
},
{
    "model": "sessions.session",
    "pk": "n20vb0utp05h5e3xw5g7wbbxfbzsq8pu",
    "fields": {
        "session_data": "NzM3NjFjNTJkZThhZmVjMTZkYWFjYzAzZjFjZWQ2ZGVmMTQ3ZmUxMzp7Il9hdXRoX3VzZXJfaGFzaCI6IjRhMzRlMjc1NDRmMDA1OTI3OTQ0M2JiNWZiZTY0MmIyY2FhN2Y2N2QiLCJfYXV0aF91c2VyX2JhY2tlbmQiOiJhY2NvdW50cy5iYWNrZW5kcy5FbWFpbEF1dGgiLCJfYXV0aF91c2VyX2lkIjoiMSJ9",
        "expire_date": "2017-04-20T12:19:12.968Z"
    }
},
{
    "model": "sessions.session",
    "pk": "q8j3xh1488aob7yxw1cei6iorj8jop2g",
    "fields": {
        "session_data": "NzM3NjFjNTJkZThhZmVjMTZkYWFjYzAzZjFjZWQ2ZGVmMTQ3ZmUxMzp7Il9hdXRoX3VzZXJfaGFzaCI6IjRhMzRlMjc1NDRmMDA1OTI3OTQ0M2JiNWZiZTY0MmIyY2FhN2Y2N2QiLCJfYXV0aF91c2VyX2JhY2tlbmQiOiJhY2NvdW50cy5iYWNrZW5kcy5FbWFpbEF1dGgiLCJfYXV0aF91c2VyX2lkIjoiMSJ9",
        "expire_date": "2017-04-30T14:05:51.671Z"
    }
},
{
    "model": "sites.site",
    "pk": 2,
    "fields": {
        "domain": "example.com",
        "name": "example.com"
    }
},
{
    "model": "sites.site",
    "pk": 3,
    "fields": {
        "domain": "localhost",
        "name": "localhost"
    }
},
{
    "model": "flatpages.flatpage",
    "pk": 1,
    "fields": {
        "url": "/pages/about/",
        "title": "About This Website",
        "content": "For too many online companies the About Us page is the elephant in the room, and often the most awkward thing to write. It's a shame because analytics often shows the page as one of the most frequented on any website. Imagine a ceremonial elephant adorned in his embellished head plate, raising you above your competitors. This could be your About Us page if you show it the care and attention it deserves.",
        "enable_comments": false,
        "template_name": "",
        "registration_required": false,
        "sites": [
            [
                "example.com"
            ],
            [
                "localhost"
            ]
        ]
    }
},
{
    "model": "flatpages.flatpage",
    "pk": 2,
    "fields": {
        "url": "/pages/contact/",
        "title": "Contact Page",
        "content": "At times, there\u2019s not really a lot of information necessary to put on a contact page. Some businesses are web-based and don\u2019t have a bricks and mortar or a telephone number to call. It can get real boring, real quick, but Noeraujo pulled off the ability to make a content-light contact page just as beautiful as the rest of them. At times, there\u2019s not really a lot of information necessary to put on a contact page. Some businesses are web-based and don\u2019t have a bricks and mortar or a telephone number to call. It can get real boring, real quick, but Noeraujo pulled off the ability to make a content-light contact page just as beautiful as the rest of them.\r\n<br>\r\n<br>\r\n<a href=\"/contact-form\" class=\"btn btn-primary btn-large\">Fill Out a Contact Form</a>",
        "enable_comments": false,
        "template_name": "",
        "registration_required": false,
        "sites": [
            [
                "example.com"
            ],
            [
                "localhost"
            ]
        ]
    }
},
{
    "model": "accounts.user",
    "pk": 1,
    "fields": {
        "password": "pbkdf2_sha256$30000$2OdZgOJSFeN8$XJ0ofM+LyH8QeaNCdmuwEsr95Zi5Y4jAJr2Ox/gA3hA=",
        "last_login": "2017-04-16T14:05:51.658Z",
        "is_superuser": true,
        "username": "brendanjgreene@gmail.com",
        "first_name": "Brendan",
        "last_name": "Greene",
        "email": "brendanjgreene@gmail.com",
        "is_staff": true,
        "is_active": true,
        "date_joined": "2017-04-03T00:21:08.347Z",
        "stripe_id": "",
        "subscription_end": "2017-04-03T02:15:11.338Z",
        "groups": [],
        "user_permissions": []
    }
},
{
    "model": "accounts.user",
    "pk": 2,
    "fields": {
        "password": "pbkdf2_sha256$30000$5cmSvlw3lXdZ$awIYy+83vCNCwbK6WTLDlkWCJ6KErmhKQ0XOj2dS1mI=",
        "last_login": "2017-04-09T21:23:45.816Z",
        "is_superuser": false,
        "username": "grace@grace.ie",
        "first_name": "Grace",
        "last_name": "Greene",
        "email": "grace@grace.ie",
        "is_staff": false,
        "is_active": true,
        "date_joined": "2017-04-03T01:45:01.932Z",
        "stripe_id": "tok_1A4KEoGnccBnhKiGS0MA0mF5",
        "subscription_end": "2017-05-03T02:15:11.338Z",
        "groups": [],
        "user_permissions": []
    }
},
{
    "model": "accounts.user",
    "pk": 3,
    "fields": {
        "password": "pbkdf2_sha256$30000$5xG6D4L75Wy5$NELMoBan32QxZTzOj5+iGlizHsVruJOy2Hww1IIKdYs=",
        "last_login": "2017-04-16T10:21:41.733Z",
        "is_superuser": false,
        "username": "tess@tess.ie",
        "first_name": "Tess",
        "last_name": "Greene",
        "email": "tess@tess.ie",
        "is_staff": false,
        "is_active": true,
        "date_joined": "2017-04-03T02:16:16.805Z",
        "stripe_id": "cus_AP91UsfRUB1Hgc",
        "subscription_end": "2017-05-01T02:16:19.475Z",
        "groups": [],
        "user_permissions": []
    }
},
{
    "model": "products.product",
    "pk": 1,
    "fields": {
        "name": "Chocolate Bars",
        "description": "YUM",
        "price": "1.99"
    }
},
{
    "model": "products.product",
    "pk": 2,
    "fields": {
        "name": "Samson RTE 2 Bluetooth",
        "description": "Samson RTE 2 bluetooth headphone - on-ear, geschlossen, dynamic, foldable, 40 mm drivers, wireless via bluetooth 4.0, up to 10 thomann h running time, up to 10 m range, frequency response 20 - 20000 Hz, impedance 32 Ohms, sensitivity (@1kHz) 109 dB, remote control and mic on headphone, includes case, USB charging cable and 1,2 m audio cable, weight: 227 g",
        "price": "39.99"
    }
},
{
    "model": "products.product",
    "pk": 3,
    "fields": {
        "name": "INOV-8 MUDCLAW 300 FELL RUNNING SHOES - AW16",
        "description": "This legendary all terrain animal with its unique outsole will claw through any mud sodden, drenched terrain and with its quick release cleats, will come up begging for more. DWR coating repels mud and water from the upper and its 1st generation Meta- Shank\u2122 delivers flexible, protective proprioception. Choose this shoe for adventure racing and the toughest off trail events.",
        "price": "71.39"
    }
},
{
    "model": "products.product",
    "pk": 4,
    "fields": {
        "name": "NIKE WOMEN'S DIAMOND ARM BAND FOR IPHONE 5",
        "description": "The Nike Diamond Arm Band for iPhone 5s and iPhone 5 is a lightweight, secure custom design that lets you keep your iPhone handy while you exercise. It features double D-rings, fused construction, a clear window with touch-screen compatibility, and an easy-entry fold-over back pocket. And of course it's emblazoned with a high-contrast Nike Swoosh logo and perforated detailing. The water-resistant pocket fabrication protects your iPhone from moisture and breath ability channels help increase air flow to prevent any chance of overheating.",
        "price": "9.51"
    }
},
{
    "model": "products.product",
    "pk": 5,
    "fields": {
        "name": "Five Minutes Peace",
        "description": "How Much would you be willing to pay for just five minutes peace!!",
        "price": "666.66"
    }
},
{
    "model": "magazines.magazine",
    "pk": 1,
    "fields": {
        "name": "Uncut Magazine",
        "description": "For music and Movies",
        "price": "51.14"
    }
},
{
    "model": "magazines.magazine",
    "pk": 2,
    "fields": {
        "name": "How to Lose Friends & Alienate People",
        "description": "How to Lose Friends & Alienate People\r\nif you've got too many friends and cant take it anymore this is the publication for you!!",
        "price": "14.67"
    }
},
{
    "model": "threads.subject",
    "pk": 1,
    "fields": {
        "name": "First Subject",
        "description": "<p>This is the subject of the first thread!</p>"
    }
},
{
    "model": "threads.subject",
    "pk": 2,
    "fields": {
        "name": "Second Subject",
        "description": "<p>This is a second subject</p>"
    }
},
{
    "model": "threads.thread",
    "pk": 1,
    "fields": {
        "name": "First Thread",
        "user": [
            "brendanjgreene@gmail.com"
        ],
        "subject": 1,
        "created_at": "2017-04-03T19:01:11Z"
    }
},
{
    "model": "threads.thread",
    "pk": 2,
    "fields": {
        "name": "Second Thread",
        "user": [
            "brendanjgreene@gmail.com"
        ],
        "subject": 1,
        "created_at": "2017-04-03T20:17:51Z"
    }
},
{
    "model": "threads.thread",
    "pk": 4,
    "fields": {
        "name": "Am I Sexy?",
        "user": [
            "brendanjgreene@gmail.com"
        ],
        "subject": 1,
        "created_at": "2017-04-03T22:01:11Z"
    }
},
{
    "model": "threads.thread",
    "pk": 5,
    "fields": {
        "name": "Yes or NO!",
        "user": [
            "brendanjgreene@gmail.com"
        ],
        "subject": 1,
        "created_at": "2017-04-04T17:52:04Z"
    }
},
{
    "model": "threads.thread",
    "pk": 6,
    "fields": {
        "name": "Fourth Thread",
        "user": [
            "brendanjgreene@gmail.com"
        ],
        "subject": 1,
        "created_at": "2017-04-04T19:35:42Z"
    }
},
{
    "model": "threads.thread",
    "pk": 7,
    "fields": {
        "name": "Fifth Thread",
        "user": [
            "brendanjgreene@gmail.com"
        ],
        "subject": 1,
        "created_at": "2017-04-04T19:54:10Z"
    }
},
{
    "model": "threads.thread",
    "pk": 8,
    "fields": {
        "name": "Sixth Thread",
        "user": [
            "brendanjgreene@gmail.com"
        ],
        "subject": 1,
        "created_at": "2017-04-04T20:18:53Z"
    }
},
{
    "model": "threads.thread",
    "pk": 9,
    "fields": {
        "name": "Seventh Thread",
        "user": [
            "brendanjgreene@gmail.com"
        ],
        "subject": 1,
        "created_at": "2017-04-04T20:19:16Z"
    }
},
{
    "model": "threads.thread",
    "pk": 10,
    "fields": {
        "name": "jhjklhkh",
        "user": [
            "brendanjgreene@gmail.com"
        ],
        "subject": 1,
        "created_at": "2017-04-05T10:05:40.541Z"
    }
},
{
    "model": "threads.thread",
    "pk": 11,
    "fields": {
        "name": "kjhjkhghjljh",
        "user": [
            "brendanjgreene@gmail.com"
        ],
        "subject": 1,
        "created_at": "2017-04-05T10:14:19.322Z"
    }
},
{
    "model": "threads.thread",
    "pk": 12,
    "fields": {
        "name": "hjklhjgl",
        "user": [
            "brendanjgreene@gmail.com"
        ],
        "subject": 1,
        "created_at": "2017-04-05T10:25:00.504Z"
    }
},
{
    "model": "threads.thread",
    "pk": 13,
    "fields": {
        "name": "this a thread without a poll",
        "user": [
            "tess@tess.ie"
        ],
        "subject": 1,
        "created_at": "2017-04-13T10:23:15.743Z"
    }
},
{
    "model": "threads.thread",
    "pk": 14,
    "fields": {
        "name": "this a thread with a poll",
        "user": [
            "tess@tess.ie"
        ],
        "subject": 1,
        "created_at": "2017-04-13T10:25:27.348Z"
    }
},
{
    "model": "threads.thread",
    "pk": 15,
    "fields": {
        "name": "no poll",
        "user": [
            "tess@tess.ie"
        ],
        "subject": 1,
        "created_at": "2017-04-13T10:38:23.383Z"
    }
},
{
    "model": "threads.thread",
    "pk": 16,
    "fields": {
        "name": "polll",
        "user": [
            "tess@tess.ie"
        ],
        "subject": 1,
        "created_at": "2017-04-13T10:38:57.413Z"
    }
},
{
    "model": "threads.thread",
    "pk": 17,
    "fields": {
        "name": "thread that shouldnt save with blank poll subjects",
        "user": [
            "brendanjgreene@gmail.com"
        ],
        "subject": 1,
        "created_at": "2017-04-13T10:43:42.068Z"
    }
},
{
    "model": "threads.thread",
    "pk": 18,
    "fields": {
        "name": "anything",
        "user": [
            "brendanjgreene@gmail.com"
        ],
        "subject": 2,
        "created_at": "2017-04-13T10:50:08Z"
    }
},
{
    "model": "threads.thread",
    "pk": 19,
    "fields": {
        "name": "again",
        "user": [
            "brendanjgreene@gmail.com"
        ],
        "subject": 1,
        "created_at": "2017-04-16T00:58:49.487Z"
    }
},
{
    "model": "threads.post",
    "pk": 3,
    "fields": {
        "thread": 2,
        "comment": "<p>knk</p>",
        "user": [
            "brendanjgreene@gmail.com"
        ],
        "created_at": "2017-04-03T20:24:06.848Z"
    }
},
{
    "model": "threads.post",
    "pk": 5,
    "fields": {
        "thread": 4,
        "comment": "<p>Come on answer yes or no!</p>",
        "user": [
            "brendanjgreene@gmail.com"
        ],
        "created_at": "2017-04-03T22:01:11.420Z"
    }
},
{
    "model": "threads.post",
    "pk": 6,
    "fields": {
        "thread": 5,
        "comment": "<p>yes or NO!</p>",
        "user": [
            "brendanjgreene@gmail.com"
        ],
        "created_at": "2017-04-04T17:52:04.743Z"
    }
},
{
    "model": "threads.post",
    "pk": 7,
    "fields": {
        "thread": 6,
        "comment": "<p>jhlkjhlk</p>",
        "user": [
            "brendanjgreene@gmail.com"
        ],
        "created_at": "2017-04-04T19:35:42.137Z"
    }
},
{
    "model": "threads.post",
    "pk": 8,
    "fields": {
        "thread": 7,
        "comment": "<p>hjgkg</p>",
        "user": [
            "brendanjgreene@gmail.com"
        ],
        "created_at": "2017-04-04T19:54:10.209Z"
    }
},
{
    "model": "threads.post",
    "pk": 9,
    "fields": {
        "thread": 8,
        "comment": "<p>jhgkhgk</p>",
        "user": [
            "brendanjgreene@gmail.com"
        ],
        "created_at": "2017-04-04T20:18:53.324Z"
    }
},
{
    "model": "threads.post",
    "pk": 11,
    "fields": {
        "thread": 10,
        "comment": "<p>jhgjhgkjghgkhjghgj</p>",
        "user": [
            "brendanjgreene@gmail.com"
        ],
        "created_at": "2017-04-05T10:05:40.542Z"
    }
},
{
    "model": "threads.post",
    "pk": 12,
    "fields": {
        "thread": 11,
        "comment": "<p>jhlkhljkh;;hjk</p>",
        "user": [
            "brendanjgreene@gmail.com"
        ],
        "created_at": "2017-04-05T10:14:19.323Z"
    }
},
{
    "model": "threads.post",
    "pk": 13,
    "fields": {
        "thread": 12,
        "comment": "<p>jkl;khjlkjhh</p>",
        "user": [
            "brendanjgreene@gmail.com"
        ],
        "created_at": "2017-04-05T10:25:00.504Z"
    }
},
{
    "model": "threads.post",
    "pk": 14,
    "fields": {
        "thread": 8,
        "comment": "<p>kj;khkkj;</p>",
        "user": [
            "brendanjgreene@gmail.com"
        ],
        "created_at": "2017-04-05T10:39:40.214Z"
    }
},
{
    "model": "threads.post",
    "pk": 15,
    "fields": {
        "thread": 6,
        "comment": "",
        "user": [
            "brendanjgreene@gmail.com"
        ],
        "created_at": "2017-04-05T10:40:16.888Z"
    }
},
{
    "model": "threads.post",
    "pk": 18,
    "fields": {
        "thread": 12,
        "comment": "<p>j;khj;kj;k</p>",
        "user": [
            "brendanjgreene@gmail.com"
        ],
        "created_at": "2017-04-05T10:54:21.838Z"
    }
},
{
    "model": "threads.post",
    "pk": 19,
    "fields": {
        "thread": 5,
        "comment": "<p>hljkhkjhl</p>",
        "user": [
            "brendanjgreene@gmail.com"
        ],
        "created_at": "2017-04-06T10:51:06.722Z"
    }
},
{
    "model": "threads.post",
    "pk": 21,
    "fields": {
        "thread": 12,
        "comment": "<p>you must be joking</p>",
        "user": [
            "tess@tess.ie"
        ],
        "created_at": "2017-04-11T20:13:43.399Z"
    }
},
{
    "model": "threads.post",
    "pk": 22,
    "fields": {
        "thread": 13,
        "comment": "<p>no poll</p>",
        "user": [
            "tess@tess.ie"
        ],
        "created_at": "2017-04-13T10:23:15.744Z"
    }
},
{
    "model": "threads.post",
    "pk": 23,
    "fields": {
        "thread": 14,
        "comment": "<p>this thread has a poll</p>",
        "user": [
            "tess@tess.ie"
        ],
        "created_at": "2017-04-13T10:25:27.348Z"
    }
},
{
    "model": "threads.post",
    "pk": 24,
    "fields": {
        "thread": 15,
        "comment": "<p>jkjlk;j</p>",
        "user": [
            "tess@tess.ie"
        ],
        "created_at": "2017-04-13T10:38:23.384Z"
    }
},
{
    "model": "threads.post",
    "pk": 28,
    "fields": {
        "thread": 1,
        "comment": "",
        "user": [
            "brendanjgreene@gmail.com"
        ],
        "created_at": "2017-04-13T15:39:54.300Z"
    }
},
{
    "model": "threads.post",
    "pk": 32,
    "fields": {
        "thread": 19,
        "comment": "<p>again</p>",
        "user": [
            "brendanjgreene@gmail.com"
        ],
        "created_at": "2017-04-16T00:58:49.488Z"
    }
},
{
    "model": "polls.poll",
    "pk": 2,
    "fields": {
        "question": "am i sexy?",
        "thread": 4
    }
},
{
    "model": "polls.poll",
    "pk": 3,
    "fields": {
        "question": "yes or NO!",
        "thread": 5
    }
},
{
    "model": "polls.poll",
    "pk": 4,
    "fields": {
        "question": "ab",
        "thread": 6
    }
},
{
    "model": "polls.poll",
    "pk": 5,
    "fields": {
        "question": "gh",
        "thread": 7
    }
},
{
    "model": "polls.poll",
    "pk": 6,
    "fields": {
        "question": "fgj",
        "thread": 8
    }
},
{
    "model": "polls.poll",
    "pk": 7,
    "fields": {
        "question": "fgj",
        "thread": 9
    }
},
{
    "model": "polls.poll",
    "pk": 8,
    "fields": {
        "question": "jlhj",
        "thread": 10
    }
},
{
    "model": "polls.poll",
    "pk": 9,
    "fields": {
        "question": "kjhljh",
        "thread": 11
    }
},
{
    "model": "polls.poll",
    "pk": 10,
    "fields": {
        "question": "jjjjjjjj",
        "thread": 12
    }
},
{
    "model": "polls.poll",
    "pk": 11,
    "fields": {
        "question": "are poll cool",
        "thread": 14
    }
},
{
    "model": "polls.poll",
    "pk": 12,
    "fields": {
        "question": "yes or NO! again",
        "thread": 19
    }
},
{
    "model": "polls.pollsubject",
    "pk": 3,
    "fields": {
        "name": "yes",
        "poll": 2
    }
},
{
    "model": "polls.pollsubject",
    "pk": 4,
    "fields": {
        "name": "no",
        "poll": 2
    }
},
{
    "model": "polls.pollsubject",
    "pk": 5,
    "fields": {
        "name": "yes",
        "poll": 3
    }
},
{
    "model": "polls.pollsubject",
    "pk": 6,
    "fields": {
        "name": "no",
        "poll": 3
    }
},
{
    "model": "polls.pollsubject",
    "pk": 7,
    "fields": {
        "name": "a",
        "poll": 4
    }
},
{
    "model": "polls.pollsubject",
    "pk": 8,
    "fields": {
        "name": "b",
        "poll": 4
    }
},
{
    "model": "polls.pollsubject",
    "pk": 9,
    "fields": {
        "name": "g",
        "poll": 5
    }
},
{
    "model": "polls.pollsubject",
    "pk": 10,
    "fields": {
        "name": "h",
        "poll": 5
    }
},
{
    "model": "polls.pollsubject",
    "pk": 11,
    "fields": {
        "name": "jjj",
        "poll": 6
    }
},
{
    "model": "polls.pollsubject",
    "pk": 12,
    "fields": {
        "name": "hhh",
        "poll": 6
    }
},
{
    "model": "polls.pollsubject",
    "pk": 13,
    "fields": {
        "name": "jjj",
        "poll": 7
    }
},
{
    "model": "polls.pollsubject",
    "pk": 14,
    "fields": {
        "name": "hhh",
        "poll": 7
    }
},
{
    "model": "polls.pollsubject",
    "pk": 15,
    "fields": {
        "name": "jlk;",
        "poll": 8
    }
},
{
    "model": "polls.pollsubject",
    "pk": 16,
    "fields": {
        "name": "oi;",
        "poll": 8
    }
},
{
    "model": "polls.pollsubject",
    "pk": 17,
    "fields": {
        "name": "jj",
        "poll": 9
    }
},
{
    "model": "polls.pollsubject",
    "pk": 18,
    "fields": {
        "name": "iiiii",
        "poll": 9
    }
},
{
    "model": "polls.pollsubject",
    "pk": 19,
    "fields": {
        "name": "kkkkkkk",
        "poll": 10
    }
},
{
    "model": "polls.pollsubject",
    "pk": 20,
    "fields": {
        "name": "kkkklllll",
        "poll": 10
    }
},
{
    "model": "polls.pollsubject",
    "pk": 21,
    "fields": {
        "name": "yes",
        "poll": 11
    }
},
{
    "model": "polls.pollsubject",
    "pk": 22,
    "fields": {
        "name": "",
        "poll": 11
    }
},
{
    "model": "polls.pollsubject",
    "pk": 23,
    "fields": {
        "name": "",
        "poll": 11
    }
},
{
    "model": "polls.pollsubject",
    "pk": 24,
    "fields": {
        "name": "yes",
        "poll": 12
    }
},
{
    "model": "polls.pollsubject",
    "pk": 25,
    "fields": {
        "name": "no",
        "poll": 12
    }
},
{
    "model": "polls.vote",
    "pk": 1,
    "fields": {
        "poll": 3,
        "subject": 5,
        "user": [
            "brendanjgreene@gmail.com"
        ]
    }
},
{
    "model": "polls.vote",
    "pk": 2,
    "fields": {
        "poll": 2,
        "subject": 4,
        "user": [
            "brendanjgreene@gmail.com"
        ]
    }
},
{
    "model": "polls.vote",
    "pk": 3,
    "fields": {
        "poll": 5,
        "subject": 9,
        "user": [
            "brendanjgreene@gmail.com"
        ]
    }
},
{
    "model": "polls.vote",
    "pk": 4,
    "fields": {
        "poll": 7,
        "subject": 14,
        "user": [
            "brendanjgreene@gmail.com"
        ]
    }
},
{
    "model": "polls.vote",
    "pk": 5,
    "fields": {
        "poll": 2,
        "subject": 3,
        "user": [
            "grace@grace.ie"
        ]
    }
},
{
    "model": "polls.vote",
    "pk": 6,
    "fields": {
        "poll": 4,
        "subject": 8,
        "user": [
            "brendanjgreene@gmail.com"
        ]
    }
},
{
    "model": "polls.vote",
    "pk": 7,
    "fields": {
        "poll": 2,
        "subject": 4,
        "user": [
            "tess@tess.ie"
        ]
    }
},
{
    "model": "polls.vote",
    "pk": 8,
    "fields": {
        "poll": 4,
        "subject": 7,
        "user": [
            "tess@tess.ie"
        ]
    }
},
{
    "model": "polls.vote",
    "pk": 9,
    "fields": {
        "poll": 3,
        "subject": 6,
        "user": [
            "tess@tess.ie"
        ]
    }
},
{
    "model": "polls.vote",
    "pk": 10,
    "fields": {
        "poll": 9,
        "subject": 17,
        "user": [
            "tess@tess.ie"
        ]
    }
},
{
    "model": "polls.vote",
    "pk": 11,
    "fields": {
        "poll": 10,
        "subject": 20,
        "user": [
            "tess@tess.ie"
        ]
    }
},
{
    "model": "polls.vote",
    "pk": 12,
    "fields": {
        "poll": 11,
        "subject": 21,
        "user": [
            "brendanjgreene@gmail.com"
        ]
    }
},
{
    "model": "my_blog.post",
    "pk": 1,
    "fields": {
        "author": [
            "tess@tess.ie"
        ],
        "title": "First Blog",
        "content": "This is Me deal with it",
        "created_date": "2017-04-03T15:44:02Z",
        "published_date": "2017-04-11T20:01:08.155Z",
        "views": 74,
        "tag": "",
        "image": "images/Photo_on_03-06-2016_at_14.32_original.jpg"
    }
},
{
    "model": "my_blog.post",
    "pk": 2,
    "fields": {
        "author": [
            "brendanjgreene@gmail.com"
        ],
        "title": "techy",
        "content": "ugghjh",
        "created_date": "2017-04-03T16:45:15Z",
        "published_date": "2017-04-06T15:08:10.443Z",
        "views": 22,
        "tag": "anythinh techy",
        "image": ""
    }
},
{
    "model": "my_blog.post",
    "pk": 3,
    "fields": {
        "author": [
            "brendanjgreene@gmail.com"
        ],
        "title": "bghkbhvg",
        "content": "bnjlbnj;b",
        "created_date": "2017-04-03T17:08:26.289Z",
        "published_date": "2017-04-03T17:26:18.588Z",
        "views": 17,
        "tag": null,
        "image": ""
    }
},
{
    "model": "my_blog.post",
    "pk": 4,
    "fields": {
        "author": [
            "brendanjgreene@gmail.com"
        ],
        "title": "My Handsome face",
        "content": "My Handsome face. Behold it's glory!My Handsome face. Behold it's glory!My Handsome face. Behold it's glory!My Handsome face. Behold it's glory!My Handsome face. Behold it's glory!My Handsome face. Behold it's glory!My Handsome face. Behold it's glory!My Handsome face. Behold it's glory!My Handsome face. Behold it's glory!My Handsome face. Behold it's glory!My Handsome face. Behold it's glory!My Handsome face. Behold it's glory!My Handsome face. Behold it's glory!My Handsome face. Behold it's glory!My Handsome face. Behold it's glory!My Handsome face. Behold it's glory!My Handsome face. Behold it's glory!My Handsome face. Behold it's glory!My Handsome face. Behold it's glory!My Handsome face. Behold it's glory!My Handsome face. Behold it's glory!My Handsome face. Behold it's glory!My Handsome face. Behold it's glory!My Handsome face. Behold it's glory!My Handsome face. Behold it's glory!My Handsome face. Behold it's glory!My Handsome face. Behold it's glory!My Handsome face. Behold it's glory!My Handsome face. Behold it's glory!My Handsome face. Behold it's glory!My Handsome face. Behold it's glory!My Handsome face. Behold it's glory!",
        "created_date": "2017-04-03T17:28:11Z",
        "published_date": "2017-04-07T20:15:31.984Z",
        "views": 28,
        "tag": "photo",
        "image": "images/Photo_on_03-06-2016_at_14.32_original.jpg"
    }
},
{
    "model": "my_blog.post",
    "pk": 5,
    "fields": {
        "author": [
            "brendanjgreene@gmail.com"
        ],
        "title": "ghgkg",
        "content": "jkhlkhh",
        "created_date": "2017-04-13T18:22:49.665Z",
        "published_date": "2017-04-13T18:22:49.685Z",
        "views": 2,
        "tag": null,
        "image": ""
    }
},
{
    "model": "my_blog.post",
    "pk": 6,
    "fields": {
        "author": [
            "brendanjgreene@gmail.com"
        ],
        "title": "Bob Marley - Running Away",
        "content": "\"Running Away\"\r\n\r\nYa running and ya running\r\n\r\nAnd ya running away.\r\n\r\nYa running and ya running\r\nAnd ya running away.\r\nYa running and ya running\r\nAnd ya running away.\r\nYa running and ya running,\r\nBut ya can't run away from yourself\r\nCan't run away from yourself -\r\nCan't run away from yourself -\r\nCan't run away from yourself -\r\nCan't run away from yourself -\r\nCan't run away from yourself.\r\n\r\nYa must have done (must have done),\r\nSomet'in' wrong (something wrong).\r\nSaid: ya must have done (must have done),\r\nWo! Somet'in' wrong (something wrong).\r\nWhy you can't find the\r\nPlace where you belong?\r\nDo-do-do-do-do-do-do-do-do (running away);\r\nDo-do-do-do-do-do-do-do-do (running away);\r\nDo-do-do-do-do-do-do-do-do (running away);\r\nDo-do-do-do-do-do-do-do-do (running away);\r\nDo-do-do-do-do-do-do-do-do (running away).\r\n\r\nEvery man thinketh his\r\nBurden is the heaviest (heaviest).\r\nEvery man thinketh his\r\nBurden is the heaviest (heaviest).\r\nYa still mean it: Who feels it knows it, Lord;\r\nWho feels it knows it, Lord;\r\nWho feels it knows it, Lord;\r\nWho feels it knows it, Lord.\r\n\r\nYa running and ya running\r\nAnd ya running away.\r\nYa running and ya running\r\nAnd ya running away.\r\nYa running and ya running\r\nAnd ya running away.\r\nYa running and ya running\r\nBut ya can't run away from yourself.\r\nCould ya run away from yourself?\r\nCan you run away from yourself?\r\nCan't run away from yourself!\r\nCan't run away from yourself!\r\nYeah-eah-eah-eah - from yourself.\r\n\r\nBrr - you must have done somet'in' -\r\nSomet'in' - somet'in' - somet'in' -\r\nSomet'in' ya don't want nobody to know about:\r\nYa must have, Lord - somet'in' wrong,\r\nWhat ya must have done - ya must have done somet'in' wrong.\r\nWhy you can't find where you belong?\r\n\r\nWell, well, well, well, ya running away, heh, no -\r\nYa running away, ooh, no, no, no,\r\nI'm not (running away), no, don't say that - don't say that,\r\n'Cause (running away) I'm not running away, ooh! (running away)\r\nI've got to protect my life, (running away)\r\nAnd I don't want to live with no strife. (running away)\r\nIt is better to live on the housetop (running away)\r\nThan to live in a house full of confusion. (running away)\r\nSo, I made my decision and I left ya; (running away)\r\nNow you comin' to tell me (running away)\r\nThat I'm runnin' away. (running away)\r\nBut it's not true, (running away)\r\nI am not runnin' away. (running away) [fadeout]",
        "created_date": "2017-04-13T18:23:19.506Z",
        "published_date": "2017-04-16T00:00:52.330Z",
        "views": 19,
        "tag": null,
        "image": ""
    }
},
{
    "model": "admin.logentry",
    "pk": 1,
    "fields": {
        "action_time": "2017-04-03T00:21:49.597Z",
        "user": [
            "brendanjgreene@gmail.com"
        ],
        "content_type": [
            "sites",
            "site"
        ],
        "object_id": "3",
        "object_repr": "localhost",
        "action_flag": 1,
        "change_message": "[{\"added\": {}}]"
    }
},
{
    "model": "admin.logentry",
    "pk": 2,
    "fields": {
        "action_time": "2017-04-03T01:56:38.423Z",
        "user": [
            "brendanjgreene@gmail.com"
        ],
        "content_type": [
            "flatpages",
            "flatpage"
        ],
        "object_id": "1",
        "object_repr": "/pages/about/ -- About This Website",
        "action_flag": 1,
        "change_message": "[{\"added\": {}}]"
    }
},
{
    "model": "admin.logentry",
    "pk": 3,
    "fields": {
        "action_time": "2017-04-03T01:58:16.122Z",
        "user": [
            "brendanjgreene@gmail.com"
        ],
        "content_type": [
            "flatpages",
            "flatpage"
        ],
        "object_id": "2",
        "object_repr": "/pages/contact/ -- Contact Page",
        "action_flag": 1,
        "change_message": "[{\"added\": {}}]"
    }
},
{
    "model": "admin.logentry",
    "pk": 4,
    "fields": {
        "action_time": "2017-04-03T01:59:16.206Z",
        "user": [
            "brendanjgreene@gmail.com"
        ],
        "content_type": [
            "flatpages",
            "flatpage"
        ],
        "object_id": "1",
        "object_repr": "/pages/about/ -- About This Website",
        "action_flag": 2,
        "change_message": "[{\"changed\": {\"fields\": [\"content\"]}}]"
    }
},
{
    "model": "admin.logentry",
    "pk": 5,
    "fields": {
        "action_time": "2017-04-03T09:31:16.515Z",
        "user": [
            "brendanjgreene@gmail.com"
        ],
        "content_type": [
            "products",
            "product"
        ],
        "object_id": "1",
        "object_repr": "Chocolate Bars",
        "action_flag": 1,
        "change_message": "[{\"added\": {}}]"
    }
},
{
    "model": "admin.logentry",
    "pk": 6,
    "fields": {
        "action_time": "2017-04-03T09:32:53.240Z",
        "user": [
            "brendanjgreene@gmail.com"
        ],
        "content_type": [
            "products",
            "product"
        ],
        "object_id": "2",
        "object_repr": "Samson RTE 2 Bluetooth",
        "action_flag": 1,
        "change_message": "[{\"added\": {}}]"
    }
},
{
    "model": "admin.logentry",
    "pk": 7,
    "fields": {
        "action_time": "2017-04-03T09:34:49.093Z",
        "user": [
            "brendanjgreene@gmail.com"
        ],
        "content_type": [
            "products",
            "product"
        ],
        "object_id": "3",
        "object_repr": "INOV-8 MUDCLAW 300 FELL RUNNING SHOES - AW16",
        "action_flag": 1,
        "change_message": "[{\"added\": {}}]"
    }
},
{
    "model": "admin.logentry",
    "pk": 8,
    "fields": {
        "action_time": "2017-04-03T09:36:26.803Z",
        "user": [
            "brendanjgreene@gmail.com"
        ],
        "content_type": [
            "products",
            "product"
        ],
        "object_id": "4",
        "object_repr": "NIKE WOMEN'S DIAMOND ARM BAND FOR IPHONE 5",
        "action_flag": 1,
        "change_message": "[{\"added\": {}}]"
    }
},
{
    "model": "admin.logentry",
    "pk": 9,
    "fields": {
        "action_time": "2017-04-03T14:47:10.907Z",
        "user": [
            "brendanjgreene@gmail.com"
        ],
        "content_type": [
            "magazines",
            "magazine"
        ],
        "object_id": "1",
        "object_repr": "Uncut Magazine",
        "action_flag": 1,
        "change_message": "[{\"added\": {}}]"
    }
},
{
    "model": "admin.logentry",
    "pk": 10,
    "fields": {
        "action_time": "2017-04-03T15:44:25.100Z",
        "user": [
            "brendanjgreene@gmail.com"
        ],
        "content_type": [
            "my_blog",
            "post"
        ],
        "object_id": "1",
        "object_repr": "first blog",
        "action_flag": 1,
        "change_message": "[{\"added\": {}}]"
    }
},
{
    "model": "admin.logentry",
    "pk": 11,
    "fields": {
        "action_time": "2017-04-03T16:46:11.715Z",
        "user": [
            "brendanjgreene@gmail.com"
        ],
        "content_type": [
            "my_blog",
            "post"
        ],
        "object_id": "2",
        "object_repr": "techy",
        "action_flag": 1,
        "change_message": "[{\"added\": {}}]"
    }
},
{
    "model": "admin.logentry",
    "pk": 12,
    "fields": {
        "action_time": "2017-04-03T17:28:36.279Z",
        "user": [
            "brendanjgreene@gmail.com"
        ],
        "content_type": [
            "my_blog",
            "post"
        ],
        "object_id": "4",
        "object_repr": "gkjhjk",
        "action_flag": 1,
        "change_message": "[{\"added\": {}}]"
    }
},
{
    "model": "admin.logentry",
    "pk": 13,
    "fields": {
        "action_time": "2017-04-03T19:01:36.299Z",
        "user": [
            "brendanjgreene@gmail.com"
        ],
        "content_type": [
            "threads",
            "subject"
        ],
        "object_id": "1",
        "object_repr": "first subject",
        "action_flag": 1,
        "change_message": "[{\"added\": {}}]"
    }
},
{
    "model": "admin.logentry",
    "pk": 14,
    "fields": {
        "action_time": "2017-04-03T19:01:41.958Z",
        "user": [
            "brendanjgreene@gmail.com"
        ],
        "content_type": [
            "threads",
            "thread"
        ],
        "object_id": "1",
        "object_repr": "Thread object",
        "action_flag": 1,
        "change_message": "[{\"added\": {}}]"
    }
},
{
    "model": "admin.logentry",
    "pk": 15,
    "fields": {
        "action_time": "2017-04-03T19:02:54.221Z",
        "user": [
            "brendanjgreene@gmail.com"
        ],
        "content_type": [
            "threads",
            "post"
        ],
        "object_id": "1",
        "object_repr": "Post object",
        "action_flag": 1,
        "change_message": "[{\"added\": {}}]"
    }
},
{
    "model": "admin.logentry",
    "pk": 16,
    "fields": {
        "action_time": "2017-04-06T11:42:45.259Z",
        "user": [
            "brendanjgreene@gmail.com"
        ],
        "content_type": [
            "threads",
            "subject"
        ],
        "object_id": "1",
        "object_repr": "first subject",
        "action_flag": 2,
        "change_message": "[{\"changed\": {\"fields\": [\"description\"]}}]"
    }
},
{
    "model": "admin.logentry",
    "pk": 17,
    "fields": {
        "action_time": "2017-04-06T11:43:55.190Z",
        "user": [
            "brendanjgreene@gmail.com"
        ],
        "content_type": [
            "threads",
            "thread"
        ],
        "object_id": "3",
        "object_repr": "Thread object",
        "action_flag": 3,
        "change_message": ""
    }
},
{
    "model": "admin.logentry",
    "pk": 18,
    "fields": {
        "action_time": "2017-04-06T15:04:04.601Z",
        "user": [
            "brendanjgreene@gmail.com"
        ],
        "content_type": [
            "magazines",
            "magazine"
        ],
        "object_id": "2",
        "object_repr": "How to Lose Friends & Alienate People",
        "action_flag": 1,
        "change_message": "[{\"added\": {}}]"
    }
},
{
    "model": "admin.logentry",
    "pk": 19,
    "fields": {
        "action_time": "2017-04-09T21:40:49.631Z",
        "user": [
            "brendanjgreene@gmail.com"
        ],
        "content_type": [
            "threads",
            "thread"
        ],
        "object_id": "1",
        "object_repr": "Thread object",
        "action_flag": 2,
        "change_message": "[{\"changed\": {\"fields\": [\"name\"]}}]"
    }
},
{
    "model": "admin.logentry",
    "pk": 20,
    "fields": {
        "action_time": "2017-04-09T21:41:09.219Z",
        "user": [
            "brendanjgreene@gmail.com"
        ],
        "content_type": [
            "threads",
            "thread"
        ],
        "object_id": "2",
        "object_repr": "Thread object",
        "action_flag": 2,
        "change_message": "[{\"changed\": {\"fields\": [\"name\"]}}]"
    }
},
{
    "model": "admin.logentry",
    "pk": 21,
    "fields": {
        "action_time": "2017-04-09T21:41:19.895Z",
        "user": [
            "brendanjgreene@gmail.com"
        ],
        "content_type": [
            "threads",
            "thread"
        ],
        "object_id": "5",
        "object_repr": "Thread object",
        "action_flag": 2,
        "change_message": "[{\"changed\": {\"fields\": [\"name\"]}}]"
    }
},
{
    "model": "admin.logentry",
    "pk": 22,
    "fields": {
        "action_time": "2017-04-09T21:41:43.588Z",
        "user": [
            "brendanjgreene@gmail.com"
        ],
        "content_type": [
            "threads",
            "thread"
        ],
        "object_id": "6",
        "object_repr": "Thread object",
        "action_flag": 2,
        "change_message": "[{\"changed\": {\"fields\": [\"name\"]}}]"
    }
},
{
    "model": "admin.logentry",
    "pk": 23,
    "fields": {
        "action_time": "2017-04-09T21:42:11.205Z",
        "user": [
            "brendanjgreene@gmail.com"
        ],
        "content_type": [
            "threads",
            "thread"
        ],
        "object_id": "7",
        "object_repr": "Thread object",
        "action_flag": 2,
        "change_message": "[{\"changed\": {\"fields\": [\"name\"]}}]"
    }
},
{
    "model": "admin.logentry",
    "pk": 24,
    "fields": {
        "action_time": "2017-04-09T21:42:33.862Z",
        "user": [
            "brendanjgreene@gmail.com"
        ],
        "content_type": [
            "threads",
            "thread"
        ],
        "object_id": "8",
        "object_repr": "Thread object",
        "action_flag": 2,
        "change_message": "[{\"changed\": {\"fields\": [\"name\"]}}]"
    }
},
{
    "model": "admin.logentry",
    "pk": 25,
    "fields": {
        "action_time": "2017-04-09T21:42:54.014Z",
        "user": [
            "brendanjgreene@gmail.com"
        ],
        "content_type": [
            "threads",
            "thread"
        ],
        "object_id": "9",
        "object_repr": "Thread object",
        "action_flag": 2,
        "change_message": "[{\"changed\": {\"fields\": [\"name\"]}}]"
    }
},
{
    "model": "admin.logentry",
    "pk": 26,
    "fields": {
        "action_time": "2017-04-09T21:44:20.504Z",
        "user": [
            "brendanjgreene@gmail.com"
        ],
        "content_type": [
            "threads",
            "thread"
        ],
        "object_id": "4",
        "object_repr": "Thread object",
        "action_flag": 2,
        "change_message": "[{\"changed\": {\"fields\": [\"name\"]}}]"
    }
},
{
    "model": "admin.logentry",
    "pk": 27,
    "fields": {
        "action_time": "2017-04-09T21:45:25.949Z",
        "user": [
            "brendanjgreene@gmail.com"
        ],
        "content_type": [
            "threads",
            "subject"
        ],
        "object_id": "1",
        "object_repr": "First Subject",
        "action_flag": 2,
        "change_message": "[{\"changed\": {\"fields\": [\"name\", \"description\"]}}]"
    }
},
{
    "model": "admin.logentry",
    "pk": 28,
    "fields": {
        "action_time": "2017-04-09T22:16:20.184Z",
        "user": [
            "brendanjgreene@gmail.com"
        ],
        "content_type": [
            "products",
            "product"
        ],
        "object_id": "5",
        "object_repr": "Five Minutes Peace",
        "action_flag": 1,
        "change_message": "[{\"added\": {}}]"
    }
},
{
    "model": "admin.logentry",
    "pk": 29,
    "fields": {
        "action_time": "2017-04-09T22:42:09.727Z",
        "user": [
            "brendanjgreene@gmail.com"
        ],
        "content_type": [
            "flatpages",
            "flatpage"
        ],
        "object_id": "2",
        "object_repr": "/pages/contact/ -- Contact Page",
        "action_flag": 2,
        "change_message": "[{\"changed\": {\"fields\": [\"content\"]}}]"
    }
},
{
    "model": "admin.logentry",
    "pk": 30,
    "fields": {
        "action_time": "2017-04-09T22:42:52.730Z",
        "user": [
            "brendanjgreene@gmail.com"
        ],
        "content_type": [
            "flatpages",
            "flatpage"
        ],
        "object_id": "2",
        "object_repr": "/pages/contact/ -- Contact Page",
        "action_flag": 2,
        "change_message": "[{\"changed\": {\"fields\": [\"content\"]}}]"
    }
},
{
    "model": "admin.logentry",
    "pk": 31,
    "fields": {
        "action_time": "2017-04-09T22:45:32.946Z",
        "user": [
            "brendanjgreene@gmail.com"
        ],
        "content_type": [
            "flatpages",
            "flatpage"
        ],
        "object_id": "2",
        "object_repr": "/pages/contact/ -- Contact Page",
        "action_flag": 2,
        "change_message": "[{\"changed\": {\"fields\": [\"content\"]}}]"
    }
},
{
    "model": "admin.logentry",
    "pk": 32,
    "fields": {
        "action_time": "2017-04-09T22:47:54.267Z",
        "user": [
            "brendanjgreene@gmail.com"
        ],
        "content_type": [
            "flatpages",
            "flatpage"
        ],
        "object_id": "2",
        "object_repr": "/pages/contact/ -- Contact Page",
        "action_flag": 2,
        "change_message": "[{\"changed\": {\"fields\": [\"content\"]}}]"
    }
},
{
    "model": "admin.logentry",
    "pk": 33,
    "fields": {
        "action_time": "2017-04-09T22:52:45.825Z",
        "user": [
            "brendanjgreene@gmail.com"
        ],
        "content_type": [
            "flatpages",
            "flatpage"
        ],
        "object_id": "2",
        "object_repr": "/pages/contact/ -- Contact Page",
        "action_flag": 2,
        "change_message": "[{\"changed\": {\"fields\": [\"content\"]}}]"
    }
},
{
    "model": "admin.logentry",
    "pk": 34,
    "fields": {
        "action_time": "2017-04-09T22:56:07.871Z",
        "user": [
            "brendanjgreene@gmail.com"
        ],
        "content_type": [
            "flatpages",
            "flatpage"
        ],
        "object_id": "2",
        "object_repr": "/pages/contact/ -- Contact Page",
        "action_flag": 2,
        "change_message": "[{\"changed\": {\"fields\": [\"content\"]}}]"
    }
},
{
    "model": "admin.logentry",
    "pk": 35,
    "fields": {
        "action_time": "2017-04-09T22:57:22.370Z",
        "user": [
            "brendanjgreene@gmail.com"
        ],
        "content_type": [
            "flatpages",
            "flatpage"
        ],
        "object_id": "2",
        "object_repr": "/pages/contact/ -- Contact Page",
        "action_flag": 2,
        "change_message": "[{\"changed\": {\"fields\": [\"content\"]}}]"
    }
},
{
    "model": "admin.logentry",
    "pk": 36,
    "fields": {
        "action_time": "2017-04-09T22:57:48.363Z",
        "user": [
            "brendanjgreene@gmail.com"
        ],
        "content_type": [
            "flatpages",
            "flatpage"
        ],
        "object_id": "2",
        "object_repr": "/pages/contact/ -- Contact Page",
        "action_flag": 2,
        "change_message": "[{\"changed\": {\"fields\": [\"content\"]}}]"
    }
},
{
    "model": "admin.logentry",
    "pk": 37,
    "fields": {
        "action_time": "2017-04-10T13:06:33.201Z",
        "user": [
            "brendanjgreene@gmail.com"
        ],
        "content_type": [
            "flatpages",
            "flatpage"
        ],
        "object_id": "2",
        "object_repr": "/pages/contact/ -- Contact Page",
        "action_flag": 2,
        "change_message": "[{\"changed\": {\"fields\": [\"content\"]}}]"
    }
},
{
    "model": "admin.logentry",
    "pk": 38,
    "fields": {
        "action_time": "2017-04-13T16:26:00.478Z",
        "user": [
            "brendanjgreene@gmail.com"
        ],
        "content_type": [
            "threads",
            "subject"
        ],
        "object_id": "2",
        "object_repr": "Second Subject",
        "action_flag": 1,
        "change_message": "[{\"added\": {}}]"
    }
},
{
    "model": "admin.logentry",
    "pk": 39,
    "fields": {
        "action_time": "2017-04-13T17:09:19.311Z",
        "user": [
            "brendanjgreene@gmail.com"
        ],
        "content_type": [
            "threads",
            "thread"
        ],
        "object_id": "18",
        "object_repr": "Thread object",
        "action_flag": 2,
        "change_message": "[{\"changed\": {\"fields\": [\"subject\"]}}]"
    }
}
]
